Allele	African	African_American	European	Near_Eastern	East_Asian	South_Asian	American	Latino	Oceanian
*1	0.3423	0.3482	0.4138	0.3803	0.3489	0.4854	0.5883	0.4620	0.7300
*1xN	0.0096	0.0105	0.0094	0.0342	0.0033	0.0057	0.0175	0.0151	0.1183
*2	0.1902	0.1428	0.2517	0.2184	0.1332	0.2910	0.2228	0.2543	0.0120
*2xN	0.0180	0.0185	0.0136	0.0338	0.0033	0.0100	0.0058	0.0127	0.0000
*3	0.0031	0.0038	0.0136	0.0050	0.0000	0.0008	0.0003	0.0093	0.0018
*3xN		0.0000	0.0001						
*4	0.0348	0.0640	0.1793	0.1174	0.0079	0.0888	0.1086	0.1212	0.0248
*4xN	0.0140	0.0214	0.0028	0.0028	0.0000	0.0010	0.0012	0.0042	0.0000
*5	0.0544	0.0602	0.0265	0.0201	0.0502	0.0333	0.0138	0.0261	0.0432
*6	0.0000	0.0017	0.0092	0.0073	0.0001	0.0000	0.0031	0.0039	0.0000
*6xN		0.0014	0.0000		0.0000		0.0000	0.0005	
*7	0.0000	0.0002	0.0007	0.0025	0.0000	0.0040	0.0067	0.0000	0.0000
*8	0.0000	0.0000	0.0002	0.0000	0.0000	0.0000	0.0020	0.0000	0.0000
*9	0.0000	0.0049	0.0203	0.0029	0.0029	0.0038	0.0060	0.0176	0.0000
*9xN		0.0000	0.0001						
*10	0.0705	0.0379	0.0232	0.0509	0.4309	0.0963	0.0189	0.0284	0.0250
*10xN	0.0000	0.0038	0.0004	0.0020	0.0052	0.0000	0.0000	0.0037	0.0000
*11		0.0000	0.0001	0.0000	0.0000		0.0000	0.0000	0.0000
*12		0.0008	0.0001	0.0000	0.0000		0.0210		
*13 		0.0000	0.0019		0.0000				0.0040
*14	0.0000	0.0000	0.0004	0.0010	0.0073	0.0000	0.0180	0.0000	0.0000
*15	0.0057	0.0000	0.0014	0.0000	0.0000		0.0030	0.0000	0.0000
*17	0.1964	0.1754	0.0041	0.0133	0.0003	0.0011	0.0056	0.0204	0.0005
*17xN		0.0033	0.0000		0.0000		0.0000	0.0001	
*18		0.0000	0.0000	0.0000	0.0007				
*19	0.0000	0.0000	0.0012	0.0000	0.0000				0.0000
*20		0.0000	0.0000	0.0000	0.0000				0.0000
*21			0.0000	0.0000	0.0044				
*22			0.0000	0.0000	0.0000				
*23			0.0000	0.0000	0.0000				
*24			0.0000	0.0000	0.0000				
*25		0.0000	0.0000	0.0000	0.0000				0.0000
*26		0.0000	0.0000	0.0000	0.0000				0.0000
*27			0.0000	0.0070	0.0008				
*28	0.0000		0.0000	0.0000	0.0001		0.0014		
*29	0.1073	0.0733	0.0016	0.0053	0.0000	0.0028	0.0023	0.0115	0.0000
*29xN		0.0020	0.0000		0.0000			0.0001	
*30	0.0000	0.0000	0.0000	0.0000	0.0000				0.0000
*31		0.0000	0.0010	0.0000	0.0000	0.0000		0.0117	0.0000
*32			0.0000	0.0000	0.0000				
*33			0.0190	0.0000	0.0001		0.0027		
*34		0.0090	0.0423	0.0100	0.0022			0.0153	
*35	0.0000	0.0077	0.0519	0.0230	0.0010	0.0110	0.0075	0.0239	0.0000
*35xN	0.0000	0.0000	0.0017		0.0000		0.0000	0.0005	
*36		0.0054	0.0000	0.0000	0.0119	0.0000			0.0000
*36xN		0.0001	0.0000		0.0037				
*37			0.0000	0.0000	0.0000				
*38			0.0000	0.0000	0.0000				
*39	0.0000		0.0396	0.0200	0.0026	0.0020		0.0080	0.0000
*40	0.0120	0.0054	0.0009	0.0000	0.0000	0.0000			0.0000
*41	0.1241	0.0637	0.0888	0.1764	0.0234	0.1295	0.0253	0.0442	0.0088
*41xN	0.0029	0.0021	0.0006		0.0003	0.0010	0.0000	0.0000	0.0000
*42		0.0046	0.0000	0.0000	0.0000	0.0030			
*43	0.0096	0.0072	0.0000	0.0030	0.0011				
*43xN			0.0000						
*44			0.0000	0.0000	0.0012				
*45	0.0577	0.0677	0.0000	0.0000	0.0000				
*45xN		0.0009	0.0000		0.0000			0.0000	
*46	0.0000	0.0112	0.0000	0.0030	0.0000				
*47			0.0000	0.0000	0.0007				
*48			0.0000	0.0000	0.0006				
*49	0.0000		0.0000	0.0000	0.0081				
*50	0.0000		0.0000	0.0000	0.0008				
*51			0.0000	0.0000	0.0007				
*52			0.0000	0.0000	0.0032				
*53	0.0000		0.0000	0.0000	0.0004			0.0050	
*54			0.0000	0.0000	0.0005				
*55			0.0000	0.0000	0.0004				
*56		0.0014	0.0065	0.0000	0.0000	0.0000			
*57			0.0000	0.0000	0.0000				
*58	0.0000	0.0020	0.0000	0.0000	0.0000				
*59			0.0065	0.0000	0.0000				
*60			0.0000	0.0000	0.0005				
*61			0.0000		0.0000				
*62			0.0000						
*63			0.0000		0.0002				
*64	0.0000		0.0000	0.0000	0.0000				
*65	0.0000		0.0000	0.0000	0.0108				
*68			0.0000						
*69			0.0000	0.0000	0.0062				
*70	0.0000		0.0000	0.0000	0.0000				
*71	0.0000		0.0000	0.0000	0.0052				
*72			0.0000						
*73	0.0048		0.0000	0.0000	0.0000				
*74	0.0048		0.0000	0.0000	0.0000				
*75			0.0000		0.0002				
*81			0.0000						
*82			0.0000	0.0000	0.0000		0.0250	0.0210	
*83			0.0000						
*84			0.0000		0.0000				
*85			0.0000		0.0000				
*86			0.0000		0.0000				
*87			0.0000						
*88			0.0000						
*89			0.0000						
*90			0.0000						
*91			0.0000						
*92			0.0000						
*93			0.0000						
*94A			0.0000						
*94B			0.0000						
*95			0.0000						
*96			0.0000						
*97			0.0000						
*98			0.0000						
*100			0.0000			0.0030			
*101			0.0000			0.0030			
*102			0.0000	0.0033	0.0000				
*103			0.0000	0.0033	0.0000				
*104			0.0000	0.0033	0.0000				
*105			0.0000	0.0066	0.0000				
*106			0.0000						
*107			0.0000						
*108			0.0000						
*109			0.0000						
*110			0.0000						
*111			0.0000						
*112			0.0000						
*113			0.0000						
*114			0.0000		0.0005				
