Diplotype	European	
*1/*1	0.3900	
*1/*10	0.0000	
*1/*11		
*1/*12	0.0000	
*1/*13	0.0028	
*1/*14	0.0000	
*1/*15	0.0025	
*1/*16	0.0000	
*1/*17	0.2700	
*1/*18		
*1/*19		
*1/*2	0.1830	
*1/*22	0.0000	
*1/*23		
*1/*24		
*1/*25		
*1/*26		
*1/*28		
*1/*29		
*1/*3	0.0021	
*1/*30		
*1/*31		
*1/*32		
*1/*33		
*1/*34		
*1/*35	0.0000	
*1/*36		
*1/*37		
*1/*4	0.0025	
*1/*5	0.0000	
*1/*6	0.0004	
*1/*7	0.0000	
*1/*8	0.0042	
*1/*9	0.0008	
*10/*10	0.0000	
*10/*11	0.0000	
*10/*12	0.0000	
*10/*13	0.0000	
*10/*14	0.0000	
*10/*15	0.0000	
*10/*16	0.0000	
*10/*17	0.0000	
*10/*18	0.0000	
*10/*19	0.0000	
*10/*22	0.0000	
*10/*23	0.0000	
*10/*24	0.0000	
*10/*25	0.0000	
*10/*26	0.0000	
*10/*28	0.0000	
*10/*29	0.0000	
*10/*30	0.0000	
*10/*31	0.0000	
*10/*32	0.0000	
*10/*33	0.0000	
*10/*34	0.0000	
*10/*35	0.0000	
*10/*36	0.0000	
*10/*37	0.0000	
*11/*11		
*11/*12	0.0000	
*11/*13		
*11/*14		
*11/*15		
*11/*16	0.0000	
*11/*17		
*11/*18		
*11/*19		
*11/*22	0.0000	
*11/*23		
*11/*24		
*11/*25		
*11/*26		
*11/*28		
*11/*29		
*11/*30		
*11/*31		
*11/*32		
*11/*33		
*11/*34		
*11/*35	0.0000	
*11/*36		
*11/*37		
*12/*12	0.0000	
*12/*13	0.0000	
*12/*14	0.0000	
*12/*15	0.0000	
*12/*16	0.0000	
*12/*17	0.0000	
*12/*18	0.0000	
*12/*19	0.0000	
*12/*22	0.0000	
*12/*23	0.0000	
*12/*24	0.0000	
*12/*25	0.0000	
*12/*26	0.0000	
*12/*28	0.0000	
*12/*29	0.0000	
*12/*30	0.0000	
*12/*31	0.0000	
*12/*32	0.0000	
*12/*33	0.0000	
*12/*34	0.0000	
*12/*35	0.0000	
*12/*36	0.0000	
*12/*37	0.0000	
*13/*13	0.0000	
*13/*14	0.0000	
*13/*15	0.0000	
*13/*16	0.0000	
*13/*17	0.0010	
*13/*18		
*13/*19		
*13/*22	0.0000	
*13/*23		
*13/*24		
*13/*25		
*13/*26		
*13/*28		
*13/*29		
*13/*30		
*13/*31		
*13/*32		
*13/*33		
*13/*34		
*13/*35	0.0000	
*13/*36		
*13/*37		
*14/*14	0.0000	
*14/*15	0.0000	
*14/*16	0.0000	
*14/*17	0.0000	
*14/*18		
*14/*19		
*14/*22	0.0000	
*14/*23		
*14/*24		
*14/*25		
*14/*26		
*14/*28		
*14/*29		
*14/*30		
*14/*31		
*14/*32		
*14/*33		
*14/*34		
*14/*35	0.0000	
*14/*36		
*14/*37		
*15/*15	0.0000	
*15/*16	0.0000	
*15/*17	0.0009	
*15/*18		
*15/*19		
*15/*22	0.0000	
*15/*23		
*15/*24		
*15/*25		
*15/*26		
*15/*28		
*15/*29		
*15/*30		
*15/*31		
*15/*32		
*15/*33		
*15/*34		
*15/*35	0.0000	
*15/*36		
*15/*37		
*16/*16	0.0000	
*16/*17	0.0000	
*16/*18	0.0000	
*16/*19	0.0000	
*16/*22	0.0000	
*16/*23	0.0000	
*16/*24	0.0000	
*16/*25	0.0000	
*16/*26	0.0000	
*16/*28	0.0000	
*16/*29	0.0000	
*16/*30	0.0000	
*16/*31	0.0000	
*16/*32	0.0000	
*16/*33	0.0000	
*16/*34	0.0000	
*16/*35	0.0000	
*16/*36	0.0000	
*16/*37	0.0000	
*17/*17	0.0468	
*17/*18		
*17/*19		
*17/*22	0.0000	
*17/*23		
*17/*24		
*17/*25		
*17/*26		
*17/*28		
*17/*29		
*17/*30		
*17/*31		
*17/*32		
*17/*33		
*17/*34		
*17/*35	0.0000	
*17/*36		
*17/*37		
*18/*18		
*18/*19		
*18/*22	0.0000	
*18/*23		
*18/*24		
*18/*25		
*18/*26		
*18/*28		
*18/*29		
*18/*30		
*18/*31		
*18/*32		
*18/*33		
*18/*34		
*18/*35	0.0000	
*18/*36		
*18/*37		
*19/*19		
*19/*22	0.0000	
*19/*23		
*19/*24		
*19/*25		
*19/*26		
*19/*28		
*19/*29		
*19/*30		
*19/*31		
*19/*32		
*19/*33		
*19/*34		
*19/*35	0.0000	
*19/*36		
*19/*37		
*2/*10	0.0000	
*2/*11		
*2/*12	0.0000	
*2/*13	0.0007	
*2/*14	0.0000	
*2/*15	0.0006	
*2/*16	0.0000	
*2/*17	0.0635	
*2/*18		
*2/*19		
*2/*2	0.0215	
*2/*22	0.0000	
*2/*23		
*2/*24		
*2/*25		
*2/*26		
*2/*28		
*2/*29		
*2/*3	0.0005	
*2/*30		
*2/*31		
*2/*32		
*2/*33		
*2/*34		
*2/*35	0.0000	
*2/*36		
*2/*37		
*2/*4	0.0006	
*2/*5	0.0000	
*2/*6	0.0001	
*2/*7	0.0000	
*2/*8	0.0010	
*2/*9	0.0002	
*22/*22	0.0000	
*22/*23	0.0000	
*22/*24	0.0000	
*22/*25	0.0000	
*22/*26	0.0000	
*22/*28	0.0000	
*22/*29	0.0000	
*22/*30	0.0000	
*22/*31	0.0000	
*22/*32	0.0000	
*22/*33	0.0000	
*22/*34	0.0000	
*22/*35	0.0000	
*22/*36	0.0000	
*22/*37	0.0000	
*23/*23		
*23/*24		
*23/*25		
*23/*26		
*23/*28		
*23/*29		
*23/*30		
*23/*31		
*23/*32		
*23/*33		
*23/*34		
*23/*35	0.0000	
*23/*36		
*23/*37		
*24/*24		
*24/*25		
*24/*26		
*24/*28		
*24/*29		
*24/*30		
*24/*31		
*24/*32		
*24/*33		
*24/*34		
*24/*35	0.0000	
*24/*36		
*24/*37		
*25/*25		
*25/*26		
*25/*28		
*25/*29		
*25/*30		
*25/*31		
*25/*32		
*25/*33		
*25/*34		
*25/*35	0.0000	
*25/*36		
*25/*37		
*26/*26		
*26/*28		
*26/*29		
*26/*30		
*26/*31		
*26/*32		
*26/*33		
*26/*34		
*26/*35	0.0000	
*26/*36		
*26/*37		
*28/*28		
*28/*29		
*28/*30		
*28/*31		
*28/*32		
*28/*33		
*28/*34		
*28/*35	0.0000	
*28/*36		
*28/*37		
*29/*29		
*29/*30		
*29/*31		
*29/*32		
*29/*33		
*29/*34		
*29/*35	0.0000	
*29/*36		
*29/*37		
*3/*10	0.0000	
*3/*11		
*3/*12	0.0000	
*3/*13	0.0000	
*3/*14	0.0000	
*3/*15	0.0000	
*3/*16	0.0000	
*3/*17	0.0007	
*3/*18		
*3/*19		
*3/*22	0.0000	
*3/*23		
*3/*24		
*3/*25		
*3/*26		
*3/*28		
*3/*29		
*3/*3	0.0000	
*3/*30		
*3/*31		
*3/*32		
*3/*33		
*3/*34		
*3/*35	0.0000	
*3/*36		
*3/*37		
*3/*4	0.0000	
*3/*5	0.0000	
*3/*6	0.0000	
*3/*7	0.0000	
*3/*8	0.0000	
*3/*9	0.0000	
*30/*30		
*30/*31		
*30/*32		
*30/*33		
*30/*34		
*30/*35	0.0000	
*30/*36		
*30/*37		
*31/*31		
*31/*32		
*31/*33		
*31/*34		
*31/*35	0.0000	
*31/*36		
*31/*37		
*32/*32		
*32/*33		
*32/*34		
*32/*35	0.0000	
*32/*36		
*32/*37		
*33/*33		
*33/*34		
*33/*35	0.0000	
*33/*36		
*33/*37		
*34/*34		
*34/*35	0.0000	
*34/*36		
*34/*37		
*35/*35	0.0000	
*35/*36	0.0000	
*35/*37	0.0000	
*36/*1		
*36/*10		
*36/*11		
*36/*12	0.0000	
*36/*13		
*36/*14	0.0000	
*36/*15	0.0000	
*36/*16	0.0000	
*36/*17	0.0000	
*36/*18	0.0000	
*36/*19	0.0009	
*36/*2		
*36/*22		
*36/*23	0.0000	
*36/*24		
*36/*25		
*36/*26		
*36/*28		
*36/*29		
*36/*3		
*36/*30		
*36/*31		
*36/*32		
*36/*33		
*36/*34		
*36/*35	0.0000	
*36/*36		
*36/*37		
*36/*4	0.0000	
*36/*5	0.0000	
*36/*6	0.0000	
*36/*7	0.0000	
*36/*8	0.0000	
*36/*9	0.0000	
*37/*1	0.0000	
*37/*10		
*37/*11	0.0000	
*37/*12	0.0000	
*37/*13	0.0000	
*37/*14	0.0000	
*37/*15	0.0000	
*37/*16	0.0000	
*37/*17		
*37/*18		
*37/*19	0.0000	
*37/*2		
*37/*22		
*37/*23		
*37/*24		
*37/*25		
*37/*26		
*37/*28		
*37/*29		
*37/*3		
*37/*30		
*37/*31		
*37/*32	0.0000	
*37/*33		
*37/*34		
*37/*35	0.0000	
*37/*36	0.0000	
*37/*37	0.0000	
*37/*4	0.0000	
*37/*5	0.0000	
*37/*6	0.0000	
*37/*7		
*37/*8	0.0000	
*37/*9	0.0000	
*4/*10	0.0000	
*4/*11	0.0000	
*4/*12	0.0000	
*4/*13	0.0001	
*4/*14		
*4/*15		
*4/*16	0.0000	
*4/*17		
*4/*18		
*4/*19		
*4/*22		
*4/*23		
*4/*24		
*4/*25		
*4/*26		
*4/*28		
*4/*29		
*4/*30		
*4/*31	0.0000	
*4/*32		
*4/*33		
*4/*34	0.0000	
*4/*35	0.0000	
*4/*36	0.0000	
*4/*37	0.0000	
*4/*4	0.0000	
*4/*5	0.0000	
*4/*6	0.0000	
*4/*7	0.0000	
*4/*8	0.0000	
*4/*9	0.0000	
*5/*10	0.0000	
*5/*11	0.0000	
*5/*12	0.0000	
*5/*13	0.0000	
*5/*14	0.0000	
*5/*15	0.0000	
*5/*16	0.0000	
*5/*17	0.0000	
*5/*18	0.0000	
*5/*19	0.0000	
*5/*22	0.0000	
*5/*23	0.0000	
*5/*24	0.0000	
*5/*25	0.0000	
*5/*26	0.0000	
*5/*28	0.0000	
*5/*29	0.0000	
*5/*30	0.0000	
*5/*31	0.0000	
*5/*32	0.0000	
*5/*33	0.0000	
*5/*34	0.0000	
*5/*35	0.0000	
*5/*36		
*5/*37	0.0000	
*5/*5	0.0000	
*5/*6	0.0000	
*5/*7	0.0000	
*5/*8	0.0000	
*5/*9	0.0015	
*6/*10		
*6/*11		
*6/*12	0.0000	
*6/*13		
*6/*14		
*6/*15		
*6/*16		
*6/*17		
*6/*18		
*6/*19		
*6/*22		
*6/*23		
*6/*24		
*6/*25		
*6/*26	0.0000	
*6/*28		
*6/*29		
*6/*30	0.0000	
*6/*31	0.0000	
*6/*32	0.0000	
*6/*33		
*6/*34	0.0000	
*6/*35	0.0000	
*6/*36	0.0000	
*6/*37	0.0000	
*6/*6	0.0000	
*6/*7	0.0003	
*6/*8		
*6/*9		
*7/*10	0.0000	
*7/*11		
*7/*12		
*7/*13		
*7/*14		
*7/*15		
*7/*16		
*7/*17		
*7/*18		
*7/*19		
*7/*22		
*7/*23		
*7/*24	0.0000	
*7/*25		
*7/*26		
*7/*28	0.0000	
*7/*29	0.0000	
*7/*30	0.0000	
*7/*31	0.0000	
*7/*32	0.0000	
*7/*33	0.0000	
*7/*34	0.0000	
*7/*35	0.0000	
*7/*36	0.0000	
*7/*37	0.0000	
*7/*7	0.0000	
*7/*8	0.0000	
*7/*9	0.0000	
*8/*10	0.0000	
*8/*11		
*8/*12	0.0000	
*8/*13	0.0000	
*8/*14	0.0000	
*8/*15	0.0000	
*8/*16	0.0000	
*8/*17	0.0015	
*8/*18		
*8/*19		
*8/*22	0.0000	
*8/*23		
*8/*24		
*8/*25		
*8/*26		
*8/*28		
*8/*29		
*8/*30		
*8/*31		
*8/*32		
*8/*33		
*8/*34		
*8/*35	0.0000	
*8/*36		
*8/*37		
*8/*8	0.0000	
*8/*9	0.0000	
*9/*10	0.0000	
*9/*11		
*9/*12	0.0000	
*9/*13	0.0000	
*9/*14	0.0000	
*9/*15	0.0000	
*9/*16	0.0000	
*9/*17	0.0003	
*9/*18		
*9/*19		
*9/*22	0.0000	
*9/*23		
*9/*24		
*9/*25		
*9/*26		
*9/*28		
*9/*29		
*9/*30		
*9/*31		
*9/*32		
*9/*33		
*9/*34		
*9/*35	0.0000	
*9/*36		
*9/*37		
*9/*9	0.0000	
